Player,Team.x,Number_of_Games,Total_Goals,Total_Shots,Time_on_Ice,Goals_per_Game,Points_per_60,Shooting_Percentage,Weighted_Goal_Avg,Total_Plays,Total_Incomplete_Plays,Avg_Passes_per_Game,Avg_Success_Passes_per_Play,Weighted_Pass_Avg,Total_Plays_to_Best_Goalers,Total_Incomplete_Plays_to_Best_Goalers,Avg_Successful_Plays_to_Goalers,Success_Rate_per_Total_Passes_to_Goalers,Weighted_Success_Pass_Rate_to_Goalers,Total_Plays_Offensive_Zone,Total_Incomplete_Plays_Offensive_Zone,Avg_Successful_Plays_OZ,Success_Rate_per_Total_Passes_OZ,Weighted_Overall_Success_Pass_Rate_Offensive_Zone,Total_Plays_to_Goalers_in_Offensive_Zone,Total_Incomplete_Plays_to_Goalers_in_Offensive_Zone,Avg_Successful_Plays_to_Goalers_in_OZ,Success_Rate_per_Total_Passes_OZ_to_Goalers,Weighted_Overall_Success_Pass_Rate_to_Goalers_in_Offensive_Zone,Final_Passing_Score,Total_Faceoff_Wins,Avg_Faceoff_Wins_per_Game,Total_Takeaways,Avg_Takeaways_per_Game,Total_Zone_Entries,Avg_Zone_entry_per_Game,Total_Pucks_Recovered,Avg_Pucks_Recovered_per_Game,Total_Dumps_Retained,Total_Dumps_Lost,Avg_Successful_Dumps_per_Game,Avg_Reatined_Dumps_per_Total_Dumps,Weighted_Dump_InOut_Avg,Total_Penalty_Taken,Avg_Penalty_Taken_per_Game,Final_Score
Abbie Ives,Connecticut Whale,4,0,0,160,0,0,0,0,13,3,3.25,0.8125,2.03125,0,0,0,0,0,0,0,0,0,0,0,0,0,0,0,2.03125,0,0,0,0,0,0,22,5.5,0,0,0,0,0,0,0,9.5625
Allie Olnowich,Metropolitan Riveters,3,0,10,180,0,0,0,0,23,7,7.666666667,0.766666667,4.216666667,1,1,0.333333333,0.5,0.416666667,0,0,0,0,0,0,0,0,0,0,4.633333333,0,0,5,1.666666667,3,1,31,10.33333333,1,9,0.333333333,0.1,0.216666667,0,0,21.65
Allie Thunstrom,Minnesota Whitecaps,4,0,28,260,0,0,0,0,45,24,11.25,0.652173913,5.951086957,17,12,4.25,0.586206897,2.418103448,18,11,4.5,0.620689655,2.560344828,8,5,2,0.615384615,1.307692308,12.23722754,1,0.25,14,3.5,32,8,57,14.25,2,22,0.5,0.083333333,0.291666667,2,0.5,37.69384058
Alyson Matteau,Buffalo Beauts,6,0,23,380,0,0,0,0,130,49,21.66666667,0.726256983,11.19646182,12,5,2,0.705882353,1.352941176,7,4,1.166666667,0.636363636,0.901515152,1,0,0.166666667,1,0.583333333,14.03425149,0,0,28,4.666666667,17,2.833333333,148,24.66666667,1,19,0.166666667,0.05,0.108333333,1,0.166666667,54.50125698
Alyssa Wohlfeiler,Connecticut Whale,4,1,24,260,0.25,0.003846154,0.04,0.021923077,87,27,21.75,0.763157895,11.25657895,0,0,0,0,0,21,10,5.25,0.677419355,2.963709677,0,0,0,0,0,14.22028862,0,0,8,2,26,6.5,52,13,1,7,0.25,0.125,0.1875,3,0.75,43.49450405
Amanda Conway,Connecticut Whale,4,1,10,240,0.25,0.004166667,0.090909091,0.047537879,18,17,4.5,0.514285714,2.507142857,0,0,0,0,0,8,4,2,0.666666667,1.333333333,0,0,0,0,0,3.84047619,0,0,3,0.75,10,2.5,24,6,0,4,0,0,0,0,0,14.35936147
Amanda Leveille,Minnesota Whitecaps,4,0,0,220,0,0,0,0,32,3,8,0.914285714,4.457142857,5,1,1.25,0.833333333,1.041666667,0,0,0,0,0,0,0,0,0,0,5.498809524,0,0,0,0,0,0,35,8.75,0,1,0,0,0,0,0,17.66428571
Amy Curlew,Toronto Six,6,1,9,360,0.166666667,0.002777778,0.1,0.051388889,39,9,6.5,0.8125,3.65625,16,4,2.666666667,0.8,1.733333333,9,5,1.5,0.642857143,1.071428571,0,2,0,0,0,6.461011905,4,0.666666667,4,0.666666667,12,2,32,5.333333333,2,9,0.333333333,0.181818182,0.257575758,2,0.333333333,16.00618687
Audra Richards,Minnesota Whitecaps,4,2,14,260,0.5,0.007692308,0.125,0.066346154,27,26,6.75,0.509433962,3.629716981,8,11,2,0.421052632,1.210526316,7,4,1.75,0.636363636,1.193181818,2,1,0.5,0.666666667,0.583333333,6.616758448,2,0.5,5,1.25,21,5.25,51,12.75,5,20,1.25,0.2,0.725,1,0.25,27.61712627
Autumn MacDougall,Buffalo Beauts,6,3,18,380,0.5,0.007894737,0.142857143,0.07537594,71,48,11.83333333,0.596638655,6.214985994,0,0,0,0,0,15,23,2.5,0.394736842,1.447368421,0,0,0,0,0,7.662354415,0,0,7,1.166666667,33,5.5,77,12.83333333,6,22,1,0.214285714,0.607142857,0,0,32.68786673
Breanne Wilson-Bennett,Toronto Six,6,2,31,380,0.333333333,0.005263158,0.060606061,0.032934609,95,35,15.83333333,0.730769231,8.282051282,0,0,0,0,0,36,18,6,0.666666667,3.333333333,0,0,0,0,0,11.61538462,45,7.5,25,4.166666667,29,4.833333333,107,17.83333333,0,21,0,0,0,1,0.166666667,50.79663845
Briana Mastel,Boston Pride,5,0,13,300,0,0,0,0,69,33,13.8,0.676470588,7.238235294,4,5,0.8,0.444444444,0.622222222,0,0,0,0,0,0,0,0,0,0,7.860457516,0,0,6,1.2,2,0.4,102,20.4,3,15,0.6,0.166666667,0.383333333,1,0.2,36.65980392
Brittany Colton,Buffalo Beauts,6,0,5,340,0,0,0,0,18,8,3,0.692307692,1.846153846,2,0,0.333333333,1,0.666666667,3,1,0.5,0.75,0.625,1,0,0.166666667,1,0.583333333,3.721153846,1,0.166666667,5,0.833333333,14,2.333333333,30,5,1,10,0.166666667,0.090909091,0.128787879,0,0,12.1544289
Brooke Avery,Metropolitan Riveters,3,0,0,140,0,0,0,0,22,6,7.333333333,0.785714286,4.05952381,6,2,2,0.75,1.375,3,0,1,1,1,0,0,0,0,0,6.43452381,1,0.333333333,2,0.666666667,4,1.333333333,14,4.666666667,1,5,0.333333333,0.166666667,0.25,0,0,15.36904762
Brooke Boquist,Toronto Six,4,2,27,260,0.5,0.007692308,0.068965517,0.038328912,71,31,17.75,0.696078431,9.223039216,1,2,0.25,0.333333333,0.291666667,27,15,6.75,0.642857143,3.696428571,0,2,0,0,0,13.21113445,2,0.5,3,0.75,14,3.5,48,12,3,7,0.75,0.3,0.525,2,0.5,35.29773626
Brooke Stacey,Buffalo Beauts,6,0,24,340,0,0,0,0,58,35,9.666666667,0.623655914,5.14516129,10,7,1.666666667,0.588235294,1.12745098,10,8,1.666666667,0.555555556,1.111111111,1,1,0.166666667,0.5,0.333333333,7.717056715,3,0.5,7,1.166666667,26,4.333333333,55,9.166666667,2,13,0.333333333,0.133333333,0.233333333,0,0,25.69032258
Brooke White,Minnesota Whitecaps,4,0,0,160,0,0,0,0,7,4,1.75,0.636363636,1.193181818,2,2,0.5,0.5,0.5,0,1,0,0,0,0,0,0,0,0,1.693181818,1,0.25,2,0.5,3,0.75,9,2.25,1,1,0.25,0.5,0.375,0,0,6.511363636
Brooke Wolejko,Connecticut Whale,1,0,0,60,0,0,0,0,10,1,10,0.909090909,5.454545455,0,0,0,0,0,0,0,0,0,0,0,0,0,0,0,5.454545455,0,0,0,0,0,0,11,11,0,0,0,0,0,0,0,21.90909091
Cailey Hutchison,Metropolitan Riveters,3,1,4,120,0.333333333,0.008333333,0.2,0.104166667,15,13,5,0.535714286,2.767857143,1,0,0.333333333,1,0.666666667,2,2,0.666666667,0.5,0.583333333,0,0,0,0,0,4.017857143,18,6,8,2.666666667,2,0.666666667,21,7,1,6,0.333333333,0.142857143,0.238095238,1,0.333333333,21.98214286
Carlee Turner,Boston Pride,7,0,23,420,0,0,0,0,57,22,8.142857143,0.721518987,4.432188065,0,3,0,0,0,16,15,2.285714286,0.516129032,1.400921659,0,1,0,0,0,5.833109724,32,4.571428571,14,2,20,2.857142857,63,9,2,17,0.285714286,0.105263158,0.195488722,1,0.142857143,27.34557914
Carly Jackson,Buffalo Beauts,6,0,0,340,0,0,0,0,49,2,8.166666667,0.960784314,4.56372549,6,0,1,1,1,0,0,0,0,0,0,0,0,0,0,5.56372549,0,0,3,0.5,0,0,55,9.166666667,0,1,0,0,0,0,0,18.79411765
Cassidy MacPherson,Buffalo Beauts,6,0,19,380,0,0,0,0,83,40,13.83333333,0.674796748,7.254065041,14,6,2.333333333,0.7,1.516666667,21,3,3.5,0.875,2.1875,7,0,1.166666667,1,1.083333333,12.04156504,38,6.333333333,20,3.333333333,30,5,92,15.33333333,2,24,0.333333333,0.076923077,0.205128205,0,0,44.71325829
Caty Flagg,Buffalo Beauts,1,0,0,20,0,0,0,0,1,0,1,1,1,0,0,0,0,0,0,0,0,0,0,0,0,0,0,0,1,0,0,0,0,0,0,1,1,0,0,0,0,0,0,0,3
Chelsey Brodt-Rosenthal,Minnesota Whitecaps,4,0,3,260,0,0,0,0,33,27,8.25,0.55,4.4,8,8,2,0.5,1.25,2,2,0.5,0.5,0.5,0,0,0,0,0,6.15,0,0,4,1,4,1,74,18.5,3,14,0.75,0.176470588,0.463235294,3,0.75,29.01323529
Christina Putigna,Boston Pride,7,2,37,420,0.285714286,0.004761905,0.051282051,0.028021978,98,47,14,0.675862069,7.337931034,17,14,2.428571429,0.548387097,1.488479263,27,17,3.857142857,0.613636364,2.23538961,4,5,0.571428571,0.444444444,0.507936508,11.56973642,3,0.428571429,14,2,41,5.857142857,102,14.57142857,4,16,0.571428571,0.2,0.385714286,1,0.142857143,37.83190603
Dominique Kremer,Buffalo Beauts,6,0,16,380,0,0,0,0,99,58,16.5,0.630573248,8.565286624,15,7,2.5,0.681818182,1.590909091,5,3,0.833333333,0.625,0.729166667,1,0,0.166666667,1,0.583333333,11.46869572,0,0,29,4.833333333,32,5.333333333,134,22.33333333,3,33,0.5,0.083333333,0.291666667,2,0.333333333,49.58890658
Elaine Chuli,Toronto Six,5,0,0,240,0,0,0,0,30,4,6,0.882352941,3.441176471,1,0,0.2,1,0.6,0,0,0,0,0,0,0,0,0,0,4.041176471,0,0,0,0,0,0,33,6.6,0,0,0,0,0,0,0,13.48235294
Elena Orlando,Connecticut Whale,4,0,6,260,0,0,0,0,45,32,11.25,0.584415584,5.917207792,0,0,0,0,0,1,0,0.25,1,0.625,0,0,0,0,0,6.542207792,0,0,7,1.75,4,1,76,19,4,16,1,0.2,0.6,1,0.25,33.93441558
Emily Fluke,Toronto Six,6,1,11,360,0.166666667,0.002777778,0.083333333,0.043055556,34,17,5.666666667,0.666666667,3.166666667,0,1,0,0,0,11,7,1.833333333,0.611111111,1.222222222,0,0,0,0,0,4.388888889,4,0.666666667,8,1.333333333,17,2.833333333,44,7.333333333,1,19,0.166666667,0.05,0.108333333,2,0.333333333,18.36111111
Emily Janiga,Metropolitan Riveters,3,1,8,180,0.333333333,0.005555556,0.111111111,0.058333333,30,19,10,0.612244898,5.306122449,1,0,0.333333333,1,0.666666667,11,6,3.666666667,0.647058824,2.156862745,1,0,0.333333333,1,0.666666667,8.796318527,17,5.666666667,13,4.333333333,14,4.666666667,36,12,0,8,0,0,0,1,0.333333333,37.0622449
Emma Greco,Toronto Six,6,0,17,380,0,0,0,0,67,59,11.16666667,0.531746032,5.849206349,9,9,1.5,0.5,1,2,4,0.333333333,0.333333333,0.333333333,0,0,0,0,0,7.182539683,0,0,14,2.333333333,11,1.833333333,117,19.5,1,29,0.166666667,0.033333333,0.1,2,0.333333333,35.13174603
Emma Stauber,Minnesota Whitecaps,4,0,11,240,0,0,0,0,70,40,17.5,0.636363636,9.068181818,30,18,7.5,0.625,4.0625,2,0,0.5,1,0.75,2,0,0.5,1,0.75,14.63068182,0,0,6,1.5,8,2,81,20.25,0,13,0,0,0,5,1.25,40.63636364
Emma Vlasic,Connecticut Whale,4,1,15,260,0.25,0.003846154,0.0625,0.033173077,58,22,14.5,0.725,7.6125,0,0,0,0,0,11,1,2.75,0.916666667,1.833333333,0,0,0,0,0,9.445833333,45,11.25,12,3,13,3.25,62,15.5,2,16,0.5,0.111111111,0.305555556,1,0.25,48.34690171
Emma Woods,Toronto Six,4,0,28,260,0,0,0,0,99,26,24.75,0.792,12.771,5,0,1.25,1,1.125,12,9,3,0.571428571,1.785714286,0,0,0,0,0,15.68171429,0,0,12,3,28,7,54,13.5,3,17,0.75,0.15,0.45,0,0,49.492
Erin Gehen,Buffalo Beauts,6,0,18,380,0,0,0,0,67,44,11.16666667,0.603603604,5.885135135,8,2,1.333333333,0.8,1.066666667,17,15,2.833333333,0.53125,1.682291667,4,2,0.666666667,0.666666667,0.666666667,9.300760135,0,0,14,2.333333333,35,5.833333333,83,13.83333333,3,33,0.5,0.083333333,0.291666667,2,0.333333333,33.7286036
Grace Klienbach,Connecticut Whale,4,0,8,240,0,0,0,0,22,12,5.5,0.647058824,3.073529412,0,0,0,0,0,4,2,1,0.666666667,0.833333333,0,0,0,0,0,3.906862745,0,0,4,1,11,2.75,26,6.5,1,9,0.25,0.1,0.175,1,0.25,16.32205882
Haley Mack,Minnesota Whitecaps,4,2,13,260,0.5,0.007692308,0.133333333,0.070512821,62,28,15.5,0.688888889,8.094444444,6,2,1.5,0.75,1.125,19,7,4.75,0.730769231,2.740384615,2,1,0.5,0.666666667,0.583333333,12.54316239,6,1.5,4,1,31,7.75,59,14.75,0,8,0,0,0,1,0.25,41.07991453
Hanna Beattie,Connecticut Whale,4,0,11,260,0,0,0,0,52,43,13,0.547368421,6.773684211,0,0,0,0,0,1,0,0.25,1,0.625,0,0,0,0,0,7.398684211,0,0,15,3.75,10,2.5,98,24.5,4,21,1,0.16,0.58,0,0,44.87736842
Haylea Schmid,Minnesota Whitecaps,3,1,9,180,0.333333333,0.005555556,0.1,0.052777778,25,15,8.333333333,0.625,4.479166667,13,5,4.333333333,0.722222222,2.527777778,4,1,1.333333333,0.8,1.066666667,2,0,0.666666667,1,0.833333333,8.906944444,11,3.666666667,10,3.333333333,10,3.333333333,27,9,0,5,0,0,0,1,0.333333333,28.06388889
Hunter Accursi,Buffalo Beauts,6,0,7,360,0,0,0,0,19,14,3.166666667,0.575757576,1.871212121,0,2,0,0,0,5,2,0.833333333,0.714285714,0.773809524,0,1,0,0,0,2.645021645,3,0.5,3,0.5,9,1.5,34,5.666666667,0,11,0,0,0,1,0.166666667,11.74242424
Iveta Klimasova,Buffalo Beauts,6,0,12,340,0,0,0,0,29,29,4.833333333,0.5,2.666666667,4,0,0.666666667,1,0.833333333,5,5,0.833333333,0.5,0.666666667,2,0,0.333333333,1,0.666666667,4.833333333,1,0.166666667,5,0.833333333,16,2.666666667,49,8.166666667,2,11,0.333333333,0.153846154,0.243589744,2,0.333333333,17.07692308
Janine Weber,Connecticut Whale,4,0,29,260,0,0,0,0,48,25,12,0.657534247,6.328767123,0,0,0,0,0,18,6,4.5,0.75,2.625,0,0,0,0,0,8.953767123,8,2,8,2,20,5,56,14,2,16,0.5,0.111111111,0.305555556,2,0.5,35.4630898
Jayne Lewis,Metropolitan Riveters,3,0,3,160,0,0,0,0,10,11,3.333333333,0.476190476,1.904761905,1,2,0.333333333,0.333333333,0.333333333,1,2,0.333333333,0.333333333,0.333333333,0,1,0,0,0,2.571428571,0,0,0,0,2,0.666666667,12,4,0,6,0,0,0,0,0,8.476190476
Jenna Rheault,Boston Pride,3,0,4,120,0,0,0,0,21,10,7,0.677419355,3.838709677,3,2,1,0.6,0.8,1,1,0.333333333,0.5,0.416666667,0,1,0,0,0,5.055376344,0,0,4,1.333333333,5,1.666666667,25,8.333333333,0,3,0,0,0,1,0.333333333,18.67741935
Jillian Dempsey,Boston Pride,6,3,24,360,0.5,0.008333333,0.111111111,0.059722222,80,36,13.33333333,0.689655172,7.011494253,1,0,0.166666667,1,0.583333333,21,11,3.5,0.65625,2.078125,0,0,0,0,0,9.672952586,70,11.66666667,22,3.666666667,19,3.166666667,72,12,0,10,0,0,0,0,0,44.64243295
Jonna Curtis,Minnesota Whitecaps,4,1,20,260,0.25,0.003846154,0.047619048,0.025732601,57,37,14.25,0.606382979,7.428191489,30,15,7.5,0.666666667,4.083333333,21,13,5.25,0.617647059,2.933823529,16,5,4,0.761904762,2.380952381,16.82630073,26,6.5,10,2.5,33,8.25,72,18,4,20,1,0.166666667,0.583333333,0,0,50.74118151
Jordan Juron,Buffalo Beauts,6,1,29,380,0.166666667,0.002631579,0.033333333,0.017982456,76,42,12.66666667,0.644067797,6.655367232,17,5,2.833333333,0.772727273,1.803030303,18,9,3,0.666666667,1.833333333,4,1,0.666666667,0.8,0.733333333,11.0250642,49,8.166666667,21,3.5,37,6.166666667,95,15.83333333,1,27,0.166666667,0.035714286,0.101190476,0,0,47.11455652
Julie Allen,Toronto Six,6,0,3,360,0,0,0,0,32,20,5.333333333,0.615384615,2.974358974,1,0,0.166666667,1,0.583333333,5,5,0.833333333,0.5,0.666666667,0,0,0,0,0,4.224358974,6,1,10,1.666666667,6,1,32,5.333333333,1,11,0.166666667,0.083333333,0.125,2,0.333333333,14.74038462
Kaleigh Fratkin,Boston Pride,7,0,36,420,0,0,0,0,242,90,34.57142857,0.728915663,17.65017212,34,18,4.857142857,0.653846154,2.755494505,6,6,0.857142857,0.5,0.678571429,2,0,0.285714286,1,0.642857143,21.72709519,0,0,16,2.285714286,23,3.285714286,233,33.28571429,7,34,1,0.170731707,0.585365854,5,0.714285714,74.02856723
Kate Leary,Metropolitan Riveters,3,0,10,180,0,0,0,0,54,13,18,0.805970149,9.402985075,12,6,4,0.666666667,2.333333333,20,5,6.666666667,0.8,3.733333333,4,2,1.333333333,0.666666667,1,16.46965174,0,0,5,1.666666667,21,7,51,17,2,16,0.666666667,0.111111111,0.388888889,0,0,44.8615257
Katelynn Russ,Connecticut Whale,4,2,26,240,0.5,0.008333333,0.071428571,0.039880952,40,30,10,0.571428571,5.285714286,0,0,0,0,0,14,8,3.5,0.636363636,2.068181818,0,0,0,0,0,7.353896104,6,1.5,11,2.75,21,5.25,56,14,2,17,0.5,0.105263158,0.302631579,2,0.5,33.95382206
Kaycie Anderson,Connecticut Whale,4,1,14,260,0.25,0.003846154,0.066666667,0.03525641,18,21,4.5,0.461538462,2.480769231,0,0,0,0,0,3,5,0.75,0.375,0.5625,0,0,0,0,0,3.043269231,1,0.25,3,0.75,11,2.75,38,9.5,0,11,0,0,0,2,0.5,17.78205128
Kayla Friesen,Connecticut Whale,3,1,23,200,0.333333333,0.005,0.041666667,0.023333333,36,29,12,0.553846154,6.276923077,0,0,0,0,0,6,14,2,0.3,1.15,0,0,0,0,0,7.426923077,31,10.33333333,11,3.666666667,14,4.666666667,60,20,1,15,0.333333333,0.0625,0.197916667,2,0.666666667,50.79842949
Kayla Meneghin,Buffalo Beauts,3,0,2,180,0,0,0,0,12,17,4,0.413793103,2.206896552,0,1,0,0,0,1,6,0.333333333,0.142857143,0.238095238,0,0,0,0,0,2.44499179,5,1.666666667,2,0.666666667,10,3.333333333,17,5.666666667,1,4,0.333333333,0.2,0.266666667,4,1.333333333,14.68045977
Kelly Babstock,Metropolitan Riveters,3,0,14,180,0,0,0,0,34,16,11.33333333,0.68,6.006666667,9,9,3,0.5,1.75,15,4,5,0.789473684,2.894736842,6,3,2,0.666666667,1.333333333,11.98473684,24,8,9,3,18,6,35,11.66666667,1,5,0.333333333,0.166666667,0.25,3,1,39.93
Kendall Cornine,Metropolitan Riveters,3,0,11,180,0,0,0,0,31,15,10.33333333,0.673913043,5.503623188,5,1,1.666666667,0.833333333,1.25,8,1,2.666666667,0.888888889,1.777777778,2,1,0.666666667,0.666666667,0.666666667,9.198067633,15,5,5,1.666666667,21,7,46,15.33333333,4,16,1.333333333,0.2,0.766666667,1,0.333333333,40.44057971
Kiira Dosdall,Metropolitan Riveters,3,0,17,180,0,0,0,0,91,34,30.33333333,0.728,15.53066667,13,10,4.333333333,0.565217391,2.449275362,0,1,0,0,0,0,1,0,0,0,17.97994203,0,0,8,2.666666667,12,4,88,29.33333333,3,13,1,0.1875,0.59375,0,0,67.65508333
Kristen Barbara,Toronto Six,4,0,7,220,0,0,0,0,64,23,16,0.735632184,8.367816092,5,3,1.25,0.625,0.9375,6,0,1.5,1,1.25,0,0,0,0,0,10.55531609,0,0,9,2.25,6,1.5,60,15,0,4,0,0,0,1,0.25,35.23563218
Kristin Lewicki,Buffalo Beauts,6,2,21,380,0.333333333,0.005263158,0.086956522,0.04610984,82,39,13.66666667,0.67768595,7.172176309,22,11,3.666666667,0.666666667,2.166666667,29,16,4.833333333,0.644444444,2.738888889,4,5,0.666666667,0.444444444,0.555555556,12.63328742,1,0.166666667,17,2.833333333,37,6.166666667,84,14,2,24,0.333333333,0.076923077,0.205128205,0,0,37.80836717
Laurel Hill,Connecticut Whale,2,0,3,120,0,0,0,0,14,15,7,0.482758621,3.74137931,0,0,0,0,0,0,0,0,0,0,0,0,0,0,0,3.74137931,0,0,2,1,1,0.5,26,13,0,2,0,0,0,1,0.5,21.48275862
Lauren Kelly,Boston Pride,7,2,42,420,0.285714286,0.004761905,0.045454545,0.025108225,142,77,20.28571429,0.648401826,10.46705806,24,12,3.428571429,0.666666667,2.047619048,3,4,0.428571429,0.428571429,0.428571429,0,1,0,0,0,12.94324853,0,0,19,2.714285714,20,2.857142857,174,24.85714286,5,36,0.714285714,0.12195122,0.418118467,3,0.428571429,51.40245103
Leila Kilduff,Metropolitan Riveters,3,2,5,180,0.666666667,0.011111111,0.285714286,0.148412698,47,20,15.66666667,0.701492537,8.184079602,7,7,2.333333333,0.5,1.416666667,1,0,0.333333333,1,0.666666667,0,0,0,0,0,10.26741294,0,0,15,5,6,2,40,13.33333333,1,8,0.333333333,0.111111111,0.222222222,0,0,37.22054016
Lenka Curmova,Buffalo Beauts,6,0,15,360,0,0,0,0,50,41,8.333333333,0.549450549,4.441391941,9,4,1.5,0.692307692,1.096153846,1,0,0.166666667,1,0.583333333,0,0,0,0,0,6.120879121,0,0,21,3.5,8,1.333333333,88,14.66666667,2,18,0.333333333,0.1,0.216666667,5,0.833333333,27.76611722
Lexie Laing,Boston Pride,7,1,23,420,0.142857143,0.002380952,0.041666667,0.02202381,75,46,10.71428571,0.619834711,5.667060213,11,11,1.571428571,0.5,1.035714286,26,16,3.714285714,0.619047619,2.166666667,6,4,0.857142857,0.6,0.728571429,9.598012593,55,7.857142857,17,2.428571429,24,3.428571429,74,10.57142857,3,20,0.428571429,0.130434783,0.279503106,1,0.142857143,35.80052829
Lindsay Eastwood,Toronto Six,6,1,36,380,0.166666667,0.002631579,0.027027027,0.014829303,150,70,25,0.681818182,12.84090909,12,4,2,0.75,1.375,4,2,0.666666667,0.666666667,0.666666667,0,0,0,0,0,14.88257576,0,0,17,2.833333333,14,2.333333333,152,25.33333333,4,20,0.666666667,0.166666667,0.416666667,2,0.333333333,56.29481012
Lisa Chesson,Buffalo Beauts,3,1,9,180,0.333333333,0.005555556,0.1,0.052777778,46,29,15.33333333,0.613333333,7.973333333,3,1,1,0.75,0.875,3,3,1,0.5,0.75,1,0,0.333333333,1,0.666666667,10.265,0,0,8,2.666666667,4,1.333333333,62,20.66666667,0,11,0,0,0,2,0.666666667,40.05222222
Lovisa Selander,Boston Pride,5,0,0,200,0,0,0,0,23,1,4.6,0.958333333,2.779166667,0,0,0,0,0,0,0,0,0,0,0,0,0,0,0,2.779166667,0,0,0,0,0,0,22,4.4,0,0,0,0,0,0,0,9.958333333
Lynn Astrup,Minnesota Whitecaps,4,0,2,140,0,0,0,0,3,5,0.75,0.375,0.5625,1,4,0.25,0.2,0.225,0,1,0,0,0,0,1,0,0,0,0.7875,2,0.5,2,0.5,4,1,7,1.75,0,4,0,0,0,0,0,4.875
Mackenzie Lancaster,Connecticut Whale,3,0,11,180,0,0,0,0,40,16,13.33333333,0.714285714,7.023809524,0,0,0,0,0,9,5,3,0.642857143,1.821428571,0,0,0,0,0,8.845238095,9,3,3,1,17,5.666666667,38,12.66666667,1,9,0.333333333,0.1,0.216666667,0,0,36.59761905
Mackenzie MacNeil,Toronto Six,6,2,26,380,0.333333333,0.005263158,0.071428571,0.038345865,47,32,7.833333333,0.594936709,4.214135021,0,2,0,0,0,23,20,3.833333333,0.534883721,2.184108527,0,1,0,0,0,6.398243548,1,0.166666667,15,2.5,42,7,78,13,5,22,0.833333333,0.185185185,0.509259259,0,0,31.6808877
Maddie Bishop,Connecticut Whale,4,0,4,200,0,0,0,0,13,11,3.25,0.541666667,1.895833333,0,0,0,0,0,5,3,1.25,0.625,0.9375,0,0,0,0,0,2.833333333,0,0,5,1.25,7,1.75,15,3.75,0,4,0,0,0,0,0,10.54166667
Maddie Rowe,Minnesota Whitecaps,4,0,10,260,0,0,0,0,80,43,20,0.650406504,10.32520325,27,18,6.75,0.6,3.675,1,0,0.25,1,0.625,0,0,0,0,0,14.62520325,0,0,12,3,7,1.75,103,25.75,2,12,0.5,0.142857143,0.321428571,1,0.25,51.22183508
Madison Packer,Metropolitan Riveters,3,0,15,180,0,0,0,0,74,24,24.66666667,0.755102041,12.71088435,13,6,4.333333333,0.684210526,2.50877193,14,4,4.666666667,0.777777778,2.722222222,2,0,0.666666667,1,0.833333333,18.77521184,1,0.333333333,15,5,20,6.666666667,56,18.66666667,1,12,0.333333333,0.076923077,0.205128205,2,0.666666667,55.62689691
Maeve Reilly,Connecticut Whale,1,0,1,60,0,0,0,0,3,3,3,0.5,1.75,0,0,0,0,0,1,0,1,1,1,0,0,0,0,0,2.75,0,0,1,1,2,2,3,3,1,2,1,0.333333333,0.666666667,0,0,10.16666667
Maggie LaGue,Connecticut Whale,4,0,22,260,0,0,0,0,89,43,22.25,0.674242424,11.46212121,0,0,0,0,0,5,2,1.25,0.714285714,0.982142857,0,0,0,0,0,12.44426407,0,0,16,4,12,3,108,27,2,12,0.5,0.142857143,0.321428571,0,0,57.245671
Mallory Rushton,Metropolitan Riveters,3,1,10,160,0.333333333,0.00625,0.090909091,0.048579545,33,18,11,0.647058824,5.823529412,4,2,1.333333333,0.666666667,1,7,5,2.333333333,0.583333333,1.458333333,0,0,0,0,0,8.281862745,1,0.333333333,3,1,9,3,30,10,2,3,0.666666667,0.4,0.533333333,0,0,26.61088458
Mallory Souliotis,Boston Pride,7,3,32,420,0.428571429,0.007142857,0.085714286,0.046428571,175,84,25,0.675675676,12.83783784,26,21,3.714285714,0.553191489,2.133738602,8,5,1.142857143,0.615384615,0.879120879,1,2,0.142857143,0.333333333,0.238095238,16.08879256,0,0,22,3.142857143,18,2.571428571,196,28,3,24,0.428571429,0.111111111,0.26984127,0,0,59.7526598
Mariah Fujimagari,Connecticut Whale,1,0,0,20,0,0,0,0,3,1,3,0.75,1.875,0,0,0,0,0,0,0,0,0,0,0,0,0,0,0,1.875,0,0,0,0,0,0,4,4,0,0,0,0,0,0,0,7.75
Marie-Jo Pelletier,Buffalo Beauts,6,0,19,380,0,0,0,0,131,54,21.83333333,0.708108108,11.27072072,15,6,2.5,0.714285714,1.607142857,6,4,1,0.6,0.8,0,0,0,0,0,13.67786358,0,0,24,4,20,3.333333333,145,24.16666667,5,35,0.833333333,0.125,0.479166667,0,0,54.52060811
Mary Parker,Boston Pride,4,0,10,240,0,0,0,0,34,14,8.5,0.708333333,4.604166667,2,0,0.5,1,0.75,10,4,2.5,0.714285714,1.607142857,1,0,0.25,1,0.625,7.586309524,0,0,6,1.5,15,3.75,37,9.25,3,7,0.75,0.3,0.525,0,0,24.23333333
McKenna Brand,Boston Pride,7,3,55,420,0.428571429,0.007142857,0.051724138,0.029433498,142,34,20.28571429,0.806818182,10.54626623,31,13,4.428571429,0.704545455,2.566558442,30,10,4.285714286,0.75,2.517857143,6,3,0.857142857,0.666666667,0.761904762,16.39258658,6,0.857142857,7,1,55,7.857142857,111,15.85714286,6,18,0.857142857,0.25,0.553571429,2,0.285714286,46.99068518
Meaghan Pezon,Minnesota Whitecaps,4,1,8,240,0.25,0.004166667,0.111111111,0.057638889,58,18,14.5,0.763157895,7.631578947,4,2,1,0.666666667,0.833333333,11,4,2.75,0.733333333,1.741666667,1,0,0.25,1,0.625,10.83157895,2,0.5,9,2.25,10,2.5,44,11,0,8,0,0,0,0,0,31.62843567
Meaghan Rickard,Boston Pride,7,2,18,360,0.285714286,0.005555556,0.1,0.052777778,29,21,4.142857143,0.58,2.361428571,0,0,0,0,0,9,6,1.285714286,0.6,0.942857143,0,0,0,0,0,3.304285714,0,0,12,1.714285714,26,3.714285714,48,6.857142857,1,12,0.142857143,0.076923077,0.10989011,0,0,17.22401709
Megan Delay,Buffalo Beauts,6,0,14,380,0,0,0,0,44,42,7.333333333,0.511627907,3.92248062,1,3,0.166666667,0.25,0.208333333,1,2,0.166666667,0.333333333,0.25,0,0,0,0,0,4.380813953,0,0,14,2.333333333,7,1.166666667,92,15.33333333,0,28,0,0,0,2,0.333333333,26.34496124
Megan Quinn,Toronto Six,6,1,15,380,0.166666667,0.002631579,0.0625,0.032565789,107,46,17.83333333,0.699346405,9.266339869,2,2,0.333333333,0.5,0.416666667,2,0,0.333333333,1,0.666666667,0,0,0,0,0,10.3496732,0,0,11,1.833333333,11,1.833333333,137,22.83333333,2,28,0.333333333,0.066666667,0.2,2,0.333333333,44.96447798
Meghan Lorence,Minnesota Whitecaps,4,0,21,260,0,0,0,0,73,29,18.25,0.715686275,9.482843137,28,18,7,0.608695652,3.804347826,11,10,2.75,0.523809524,1.636904762,3,7,0.75,0.3,0.525,15.44909573,1,0.25,11,2.75,25,6.25,53,13.25,2,13,0.5,0.133333333,0.316666667,1,0.25,41.53235294
Meghara McManus,Boston Pride,7,1,24,400,0.142857143,0.0025,0.04,0.02125,31,28,4.428571429,0.525423729,2.476997579,2,2,0.285714286,0.5,0.392857143,9,12,1.285714286,0.428571429,0.857142857,1,1,0.142857143,0.5,0.321428571,4.04842615,2,0.285714286,17,2.428571429,37,5.285714286,51,7.285714286,5,21,0.714285714,0.192307692,0.453296703,2,0.285714286,20.44979186
Mikyla Grant-Mentis,Toronto Six,6,5,49,380,0.833333333,0.013157895,0.092592593,0.052875244,104,44,17.33333333,0.702702703,9.018018018,0,0,0,0,0,19,14,3.166666667,0.575757576,1.871212121,0,0,0,0,0,10.88923014,19,3.166666667,19,3.166666667,58,9.666666667,102,17,3,16,0.5,0.157894737,0.328947368,3,0.5,50.97073389
Natalie Marcuzzi,Toronto Six,6,0,31,380,0,0,0,0,65,37,10.83333333,0.637254902,5.735294118,2,0,0.333333333,1,0.666666667,16,13,2.666666667,0.551724138,1.609195402,0,0,0,0,0,8.011156187,13,2.166666667,23,3.833333333,33,5.5,90,15,5,30,0.833333333,0.142857143,0.488095238,1,0.166666667,38.29201681
Neve Van Pelt,Buffalo Beauts,5,0,6,320,0,0,0,0,21,19,4.2,0.525,2.3625,2,0,0.4,1,0.7,5,3,1,0.625,0.8125,1,0,0.2,1,0.6,4.475,13,2.6,9,1.8,10,2,38,7.6,0,14,0,0,0,0,0,18.725
Nicole Guagliardo,Connecticut Whale,2,0,7,120,0,0,0,0,22,13,11,0.628571429,5.814285714,0,0,0,0,0,7,4,3.5,0.636363636,2.068181818,0,0,0,0,0,7.882467532,0,0,2,1,9,4.5,24,12,0,8,0,0,0,2,1,28.12857143
Nina Rodgers,Minnesota Whitecaps,4,2,17,240,0.5,0.008333333,0.105263158,0.056798246,49,17,12.25,0.742424242,6.496212121,19,13,4.75,0.59375,2.671875,10,3,2.5,0.769230769,1.634615385,2,2,0.5,0.5,0.5,11.30270251,1,0.25,13,3.25,9,2.25,48,12,0,9,0,0,0,3,0.75,30.10602073
Paige Capistran,Boston Pride,7,0,16,420,0,0,0,0,97,53,13.85714286,0.646666667,7.251904762,10,8,1.428571429,0.555555556,0.992063492,0,1,0,0,0,0,1,0,0,0,8.243968254,0,0,8,1.142857143,8,1.142857143,135,19.28571429,1,21,0.142857143,0.045454545,0.094155844,2,0.285714286,35.88367965
Paige Voight,Metropolitan Riveters,3,0,5,180,0,0,0,0,29,21,9.666666667,0.58,5.123333333,8,8,2.666666667,0.5,1.583333333,6,3,2,0.666666667,1.333333333,2,1,0.666666667,0.666666667,0.666666667,8.706666667,1,0.333333333,8,2.666666667,9,3,36,12,0,15,0,0,0,0,0,28.24666667
Rachael Ade,Connecticut Whale,1,0,4,60,0,0,0,0,6,2,6,0.75,3.375,0,0,0,0,0,0,2,0,0,0,0,0,0,0,0,3.375,0,0,2,2,3,3,11,11,1,1,1,0.5,0.75,0,0,23.5
Rebecca Morse,Metropolitan Riveters,3,0,19,180,0,0,0,0,63,24,21,0.724137931,10.86206897,21,5,7,0.807692308,3.903846154,2,1,0.666666667,0.666666667,0.666666667,1,1,0.333333333,0.5,0.416666667,15.84924845,0,0,13,4.333333333,14,4.666666667,72,24,1,17,0.333333333,0.055555556,0.194444444,3,1,53.91858238
Rebecca Russo,Metropolitan Riveters,3,1,7,160,0.333333333,0.00625,0.125,0.065625,41,18,13.66666667,0.694915254,7.18079096,2,2,0.666666667,0.5,0.583333333,9,4,3,0.692307692,1.846153846,1,0,0.333333333,1,0.666666667,10.27694481,2,0.666666667,5,1.666666667,9,3,45,15,2,10,0.666666667,0.166666667,0.416666667,0,0,35.24283192
Rose Alleva,Minnesota Whitecaps,3,0,2,80,0,0,0,0,5,2,1.666666667,0.714285714,1.19047619,4,1,1.333333333,0.8,1.066666667,0,0,0,0,0,0,0,0,0,0,2.257142857,0,0,0,0,0,0,7,2.333333333,0,0,0,0,0,1,0.333333333,4.380952381
Samantha Davis,Boston Pride,7,4,34,420,0.571428571,0.00952381,0.105263158,0.057393484,119,48,17,0.71257485,8.856287425,1,0,0.142857143,1,0.571428571,26,15,3.714285714,0.634146341,2.174216028,0,0,0,0,0,11.60193202,5,0.714285714,18,2.571428571,54,7.714285714,111,15.85714286,7,14,1,0.333333333,0.666666667,1,0.142857143,45.2083142
Samantha Ridgewell,Toronto Six,1,0,0,80,0,0,0,0,10,0,10,1,5.5,0,0,0,0,0,0,0,0,0,0,0,0,0,0,0,5.5,0,0,0,0,0,0,10,10,0,0,0,0,0,0,0,21
Sammy Kolowrat,Metropolitan Riveters,3,0,5,180,0,0,0,0,46,38,15.33333333,0.547619048,7.94047619,5,5,1.666666667,0.5,1.083333333,2,1,0.666666667,0.666666667,0.666666667,1,0,0.333333333,1,0.666666667,10.35714286,0,0,8,2.666666667,14,4.666666667,82,27.33333333,3,24,1,0.111111111,0.555555556,0,0,51.1031746
Sara Bustad,Minnesota Whitecaps,4,0,12,240,0,0,0,0,27,20,6.75,0.574468085,3.662234043,15,11,3.75,0.576923077,2.163461538,0,1,0,0,0,0,1,0,0,0,5.825695581,1,0.25,2,0.5,6,1.5,45,11.25,1,7,0.25,0.125,0.1875,1,0.25,20.76196809
Sarah Hughson,Connecticut Whale,1,0,2,60,0,0,0,0,2,2,2,0.5,1.25,0,0,0,0,0,0,1,0,0,0,0,0,0,0,0,1.25,3,3,2,2,1,1,3,3,1,0,1,1,1,0,0,12.5
Sarah Schwenzfeier,Connecticut Whale,4,0,12,260,0,0,0,0,23,23,5.75,0.5,3.125,0,0,0,0,0,3,7,0.75,0.3,0.525,0,0,0,0,0,3.65,25,6.25,11,2.75,14,3.5,48,12,2,14,0.5,0.125,0.3125,0,0,31.0625
Sarah Steele,Toronto Six,6,0,17,380,0,0,0,0,158,55,26.33333333,0.741784038,13.53755869,11,4,1.833333333,0.733333333,1.283333333,1,1,0.166666667,0.5,0.333333333,0,0,0,0,0,15.15422535,0,0,11,1.833333333,11,1.833333333,141,23.5,1,10,0.166666667,0.090909091,0.128787879,1,0.166666667,54.20390525
Sarah-Eve Coutu Godbout,Toronto Six,6,1,42,360,0.166666667,0.002777778,0.023255814,0.013016796,56,38,9.333333333,0.595744681,4.964539007,14,7,2.333333333,0.666666667,1.5,22,15,3.666666667,0.594594595,2.130630631,6,2,1,0.75,0.875,9.470169638,2,0.333333333,13,2.166666667,34,5.666666667,70,11.66666667,5,12,0.833333333,0.294117647,0.56372549,1,0.166666667,30.18550376
Saroya Tinker,Metropolitan Riveters,3,0,7,180,0,0,0,0,46,16,15.33333333,0.741935484,8.037634409,4,2,1.333333333,0.666666667,1,0,0,0,0,0,0,0,0,0,0,9.037634409,0,0,5,1.666666667,2,0.666666667,56,18.66666667,5,13,1.666666667,0.277777778,0.972222222,0,0,38.04749104
Shannon Doyle,Connecticut Whale,4,0,19,260,0,0,0,0,99,59,24.75,0.626582278,12.68829114,0,0,0,0,0,0,2,0,0,0,0,0,0,0,0,12.68829114,0,0,17,4.25,6,1.5,125,31.25,1,22,0.25,0.043478261,0.14673913,0,0,62.52332141
Shiann Darkangelo,Toronto Six,6,0,36,380,0,0,0,0,154,63,25.66666667,0.709677419,13.18817204,13,11,2.166666667,0.541666667,1.354166667,56,24,9.333333333,0.7,5.016666667,3,3,0.5,0.5,0.5,20.05900538,79,13.16666667,23,3.833333333,37,6.166666667,141,23.5,4,21,0.666666667,0.16,0.413333333,5,0.833333333,72.62301075
Sonjia Shelly,Metropolitan Riveters,2,0,0,100,0,0,0,0,12,2,6,0.857142857,3.428571429,0,1,0,0,0,0,0,0,0,0,0,0,0,0,0,3.428571429,0,0,0,0,0,0,15,7.5,0,0,0,0,0,0,0,14.35714286
Stephanie Anderson,Minnesota Whitecaps,4,0,18,260,0,0,0,0,69,30,17.25,0.696969697,8.973484848,21,15,5.25,0.583333333,2.916666667,13,5,3.25,0.722222222,1.986111111,5,2,1.25,0.714285714,0.982142857,14.85840548,38,9.5,19,4.75,19,4.75,60,15,2,15,0.5,0.117647059,0.308823529,0,0,52.25579323
Sydney Baldwin,Minnesota Whitecaps,4,1,32,260,0.25,0.003846154,0.03030303,0.017074592,112,49,28,0.695652174,14.34782609,39,23,9.75,0.629032258,5.189516129,3,1,0.75,0.75,0.75,2,1,0.5,0.666666667,0.583333333,20.87067555,0,0,21,5.25,11,2.75,126,31.5,4,19,1,0.173913043,0.586956522,2,0.5,68.31675788
Taylor Marchin,Connecticut Whale,4,0,10,260,0,0,0,0,48,39,12,0.551724138,6.275862069,0,0,0,0,0,0,2,0,0,0,0,0,0,0,0,6.275862069,0,0,9,2.25,3,0.75,74,18.5,3,18,0.75,0.142857143,0.446428571,0,0,34.49815271
Taylor Turnquist,Boston Pride,7,0,39,420,0,0,0,0,148,54,21.14285714,0.732673267,10.93776521,21,8,3,0.724137931,1.862068966,7,5,1,0.583333333,0.791666667,3,1,0.428571429,0.75,0.589285714,14.18078655,0,0,17,2.428571429,23,3.285714286,156,22.28571429,5,24,0.714285714,0.172413793,0.443349754,2,0.285714286,50.03316588
Taylor Wasylk,Buffalo Beauts,4,0,15,240,0,0,0,0,28,19,7,0.595744681,3.79787234,2,1,0.5,0.666666667,0.583333333,10,9,2.5,0.526315789,1.513157895,2,1,0.5,0.666666667,0.583333333,6.477696902,6,1.5,5,1.25,12,3,41,10.25,1,17,0.25,0.055555556,0.152777778,4,1,22.74852246
Taylor Wenczkowski,Boston Pride,7,1,36,420,0.142857143,0.002380952,0.027027027,0.01470399,92,31,13.14285714,0.74796748,6.945412311,14,8,2,0.636363636,1.318181818,31,7,4.428571429,0.815789474,2.622180451,5,5,0.714285714,0.5,0.607142857,11.49291744,4,0.571428571,9,1.285714286,19,2.714285714,90,12.85714286,5,14,0.714285714,0.263157895,0.488721805,3,0.428571429,31.40895441
Taylor Woods,Toronto Six,6,4,42,380,0.666666667,0.010526316,0.086956522,0.048741419,157,46,26.16666667,0.773399015,13.47003284,27,8,4.5,0.771428571,2.635714286,4,0,0.666666667,1,0.833333333,0,0,0,0,0,16.93908046,2,0.333333333,14,2.333333333,30,5,175,29.16666667,2,29,0.333333333,0.064516129,0.198924731,5,0.833333333,63.23647325
Taytum Clairmont,Toronto Six,6,1,13,360,0.166666667,0.002777778,0.071428571,0.037103175,82,27,13.66666667,0.752293578,7.209480122,23,11,3.833333333,0.676470588,2.254901961,28,13,4.666666667,0.682926829,2.674796748,9,5,1.5,0.642857143,1.071428571,13.2106074,18,3,11,1.833333333,25,4.166666667,67,11.16666667,4,10,0.666666667,0.285714286,0.476190476,0,0,35.13602374
Tera Hofmann,Metropolitan Riveters,1,0,0,60,0,0,0,0,11,2,11,0.846153846,5.923076923,5,1,5,0.833333333,2.916666667,0,0,0,0,0,0,0,0,0,0,8.83974359,0,0,0,0,0,0,13,13,0,0,0,0,0,0,0,24.84615385
Tereza Vanisova,Boston Pride,7,0,30,420,0,0,0,0,138,35,19.71428571,0.797687861,10.25598679,27,10,3.857142857,0.72972973,2.293436293,30,20,4.285714286,0.6,2.442857143,9,6,1.285714286,0.6,0.942857143,15.93513737,51,7.285714286,17,2.428571429,62,8.857142857,116,16.57142857,1,4,0.142857143,0.2,0.171428571,5,0.714285714,55.11197358
Theresa Knutson,Metropolitan Riveters,3,1,16,160,0.333333333,0.00625,0.058823529,0.032536765,36,10,12,0.782608696,6.391304348,12,2,4,0.857142857,2.428571429,10,3,3.333333333,0.769230769,2.051282051,5,1,1.666666667,0.833333333,1.25,12.12115783,2,0.666666667,5,1.666666667,14,4.666666667,32,10.66666667,1,4,0.333333333,0.2,0.266666667,0,0,30.78101556
Tori Howran,Connecticut Whale,3,1,13,200,0.333333333,0.005,0.071428571,0.038214286,74,35,24.66666667,0.678899083,12.67278287,0,0,0,0,0,5,1,1.666666667,0.833333333,1.25,0,0,0,0,0,13.92278287,0,0,13,4.333333333,9,3,90,30,1,15,0.333333333,0.0625,0.197916667,0,0,62.95324432
Tori Sullivan,Boston Pride,7,0,13,400,0,0,0,0,86,16,12.28571429,0.843137255,6.56442577,14,2,2,0.875,1.4375,15,4,2.142857143,0.789473684,1.466165414,4,1,0.571428571,0.8,0.685714286,10.15380547,1,0.142857143,14,2,21,3,58,8.285714286,0,10,0,0,0,0,0,26.55742297
Victoria Hanson,Boston Pride,3,0,0,140,0,0,0,0,12,0,4,1,2.5,1,0,0.333333333,1,0.666666667,0,0,0,0,0,0,0,0,0,0,3.166666667,0,0,1,0.333333333,0,0,12,4,0,1,0,0,0,0,0,9.333333333
Whitney Dove,Buffalo Beauts,6,0,23,380,0,0,0,0,105,51,17.5,0.673076923,9.086538462,13,7,2.166666667,0.65,1.408333333,3,3,0.5,0.5,0.5,1,0,0.166666667,1,0.583333333,11.57820513,0,0,15,2.5,20,3.333333333,149,24.83333333,2,22,0.333333333,0.083333333,0.208333333,5,0.833333333,48.21474359
Winny Brodt-Brown,Minnesota Whitecaps,4,1,5,240,0.25,0.004166667,0.166666667,0.085416667,34,20,8.5,0.62962963,4.564814815,8,7,2,0.533333333,1.266666667,1,1,0.25,0.5,0.375,0,0,0,0,0,6.206481481,0,0,7,1.75,6,1.5,48,12,0,4,0,0,0,2,0.5,24.05046296